# source-id	clone-url	upstream-subdir	skill-name
matt	https://github.com/mattpocock/skills.git	skills/engineering/ask-matt	ask-matt
matt	https://github.com/mattpocock/skills.git	skills/engineering/diagnosing-bugs	diagnosing-bugs
matt	https://github.com/mattpocock/skills.git	skills/engineering/grill-with-docs	grill-with-docs
matt	https://github.com/mattpocock/skills.git	skills/engineering/triage	triage
matt	https://github.com/mattpocock/skills.git	skills/engineering/improve-codebase-architecture	improve-codebase-architecture
matt	https://github.com/mattpocock/skills.git	skills/engineering/setup-matt-pocock-skills	setup-matt-pocock-skills
matt	https://github.com/mattpocock/skills.git	skills/engineering/tdd	tdd
matt	https://github.com/mattpocock/skills.git	skills/engineering/to-spec	to-spec
matt	https://github.com/mattpocock/skills.git	skills/engineering/to-tickets	to-tickets
matt	https://github.com/mattpocock/skills.git	skills/engineering/wayfinder	wayfinder
matt	https://github.com/mattpocock/skills.git	skills/engineering/implement	implement
matt	https://github.com/mattpocock/skills.git	skills/engineering/prototype	prototype
matt	https://github.com/mattpocock/skills.git	skills/engineering/research	research
matt	https://github.com/mattpocock/skills.git	skills/engineering/domain-modeling	domain-modeling
matt	https://github.com/mattpocock/skills.git	skills/engineering/codebase-design	codebase-design
matt	https://github.com/mattpocock/skills.git	skills/engineering/code-review	code-review
matt	https://github.com/mattpocock/skills.git	skills/engineering/resolving-merge-conflicts	resolving-merge-conflicts
matt	https://github.com/mattpocock/skills.git	skills/engineering/wizard	wizard
matt	https://github.com/mattpocock/skills.git	skills/productivity/grill-me	grill-me
matt	https://github.com/mattpocock/skills.git	skills/productivity/grilling	grilling
matt	https://github.com/mattpocock/skills.git	skills/productivity/handoff	handoff
matt	https://github.com/mattpocock/skills.git	skills/productivity/teach	teach
matt	https://github.com/mattpocock/skills.git	skills/productivity/to-questionnaire	to-questionnaire
matt	https://github.com/mattpocock/skills.git	skills/productivity/wait-what	wait-what
matt	https://github.com/mattpocock/skills.git	skills/productivity/writing-for-agents	writing-for-agents
caveman	https://github.com/JuliusBrussee/caveman.git	skills/cavecrew	cavecrew
caveman	https://github.com/JuliusBrussee/caveman.git	skills/caveman	caveman
caveman	https://github.com/JuliusBrussee/caveman.git	skills/caveman-commit	caveman-commit
caveman	https://github.com/JuliusBrussee/caveman.git	skills/caveman-compress	caveman-compress
caveman	https://github.com/JuliusBrussee/caveman.git	skills/caveman-discover	caveman-discover
caveman	https://github.com/JuliusBrussee/caveman.git	skills/caveman-evidence-review	caveman-evidence-review
caveman	https://github.com/JuliusBrussee/caveman.git	skills/caveman-explore	caveman-explore
caveman	https://github.com/JuliusBrussee/caveman.git	skills/caveman-help	caveman-help
caveman	https://github.com/JuliusBrussee/caveman.git	skills/caveman-learn	caveman-learn
caveman	https://github.com/JuliusBrussee/caveman.git	skills/caveman-manage	caveman-manage
caveman	https://github.com/JuliusBrussee/caveman.git	skills/caveman-optimize	caveman-optimize
caveman	https://github.com/JuliusBrussee/caveman.git	skills/caveman-review	caveman-review
caveman	https://github.com/JuliusBrussee/caveman.git	skills/caveman-setup	caveman-setup
caveman	https://github.com/JuliusBrussee/caveman.git	skills/caveman-stats	caveman-stats
caveman	https://github.com/JuliusBrussee/caveman.git	skills/investigate-first	investigate-first
caveman	https://github.com/JuliusBrussee/caveman.git	skills/lean-build	lean-build
caveman	https://github.com/JuliusBrussee/caveman.git	skills/migration	migration
caveman	https://github.com/JuliusBrussee/caveman.git	skills/safe-refactor	safe-refactor
caveman	https://github.com/JuliusBrussee/caveman.git	skills/surgical-patch	surgical-patch
caveman	https://github.com/JuliusBrussee/caveman.git	skills/verify-and-stop	verify-and-stop
ponytail	https://github.com/DietrichGebert/ponytail.git	skills/ponytail	ponytail
ponytail	https://github.com/DietrichGebert/ponytail.git	skills/ponytail-audit	ponytail-audit
ponytail	https://github.com/DietrichGebert/ponytail.git	skills/ponytail-debt	ponytail-debt
ponytail	https://github.com/DietrichGebert/ponytail.git	skills/ponytail-gain	ponytail-gain
ponytail	https://github.com/DietrichGebert/ponytail.git	skills/ponytail-help	ponytail-help
ponytail	https://github.com/DietrichGebert/ponytail.git	skills/ponytail-review	ponytail-review
pstack	https://github.com/cursor/plugins.git	pstack/skills/bro	bro
pstack	https://github.com/cursor/plugins.git	pstack/skills/unslop	unslop
